<?xml version="1.0" encoding="UTF-8"?>

<map version="1.0">
  <mapID target="AutoHelp" url="com/isacat/autohelp/AutoHelp.java" />
  <mapID target="DirHandler" url="com/isacat/autohelp/DirHandler.java" />
  <mapID target="DirWalker" url="com/isacat/autohelp/DirWalker.java" />
  <mapID target="Directory" url="com/isacat/autohelp/Directory.java" />
  <mapID target="HelpDocument" url="com/isacat/autohelp/HelpDocument.java" />
  <mapID target="HelpHandler" url="com/isacat/autohelp/HelpHandler.java" />
  <mapID target="HelpSet" url="com/isacat/autohelp/HelpSet.java" />
  <mapID target="IndexDocument" url="com/isacat/autohelp/IndexDocument.java" />
  <mapID target="MapDocument" url="com/isacat/autohelp/MapDocument.java" />
  <mapID target="OutputDOM" url="com/isacat/autohelp/OutputDOM.java" />
  <mapID target="TOCDocument" url="com/isacat/autohelp/TOCDocument.java" />
  <mapID target="autohelpAutoHelp" url="javadoc/com/isacat/autohelp/AutoHelp.html" />
  <mapID target="autohelpDirHandler" url="javadoc/com/isacat/autohelp/DirHandler.html" />
  <mapID target="autohelpDirWalker" url="javadoc/com/isacat/autohelp/DirWalker.html" />
  <mapID target="autohelpDirectory" url="javadoc/com/isacat/autohelp/Directory.html" />
  <mapID target="ElementPair" url="javadoc/com/isacat/autohelp/ElementPair.html" />
  <mapID target="autohelpHelpDocument" url="javadoc/com/isacat/autohelp/HelpDocument.html" />
  <mapID target="autohelpHelpHandler" url="javadoc/com/isacat/autohelp/HelpHandler.html" />
  <mapID target="autohelpHelpSet" url="javadoc/com/isacat/autohelp/HelpSet.html" />
  <mapID target="autohelpIndexDocument" url="javadoc/com/isacat/autohelp/IndexDocument.html" />
  <mapID target="autohelpMapDocument" url="javadoc/com/isacat/autohelp/MapDocument.html" />
  <mapID target="autohelpOutputDOM" url="javadoc/com/isacat/autohelp/OutputDOM.html" />
  <mapID target="autohelpTOCDocument" url="javadoc/com/isacat/autohelp/TOCDocument.html" />
  <mapID target="package-frame" url="javadoc/com/isacat/autohelp/package-frame.html" />
  <mapID target="package-summary" url="javadoc/com/isacat/autohelp/package-summary.html" />
  <mapID target="package-tree" url="javadoc/com/isacat/autohelp/package-tree.html" />
  <mapID target="allclasses-frame" url="javadoc/allclasses-frame.html" />
  <mapID target="deprecated-list" url="javadoc/deprecated-list.html" />
  <mapID target="help-doc" url="javadoc/help-doc.html" />
  <mapID target="index-all" url="javadoc/index-all.html" />
  <mapID target="index" url="javadoc/index.html" />
  <mapID target="overview-tree" url="javadoc/overview-tree.html" />
  <mapID target="packages" url="javadoc/packages.html" />
  <mapID target="serialized-form" url="javadoc/serialized-form.html" />
  <mapID target="readme" url="readme.txt" />
</map>

