<?xml version="1.0" encoding="UTF-8"?>

<index version="1.0">
  <indexitem target="AutoHelp" text="AutoHelp" />
  <indexitem target="autohelpAutoHelp" text="AutoHelp " />
  <indexitem target="DirHandler" text="DirHandler" />
  <indexitem target="autohelpDirHandler" text="DirHandler " />
  <indexitem target="DirWalker" text="DirWalker" />
  <indexitem target="autohelpDirWalker" text="DirWalker " />
  <indexitem target="Directory" text="Directory" />
  <indexitem target="autohelpDirectory" text="Directory " />
  <indexitem target="ElementPair" text="ElementPair" />
  <indexitem target="HelpDocument" text="HelpDocument" />
  <indexitem target="autohelpHelpDocument" text="HelpDocument " />
  <indexitem target="HelpHandler" text="HelpHandler" />
  <indexitem target="autohelpHelpHandler" text="HelpHandler " />
  <indexitem target="HelpSet" text="HelpSet" />
  <indexitem target="autohelpHelpSet" text="HelpSet " />
  <indexitem target="IndexDocument" text="IndexDocument" />
  <indexitem target="autohelpIndexDocument" text="IndexDocument " />
  <indexitem target="MapDocument" text="MapDocument" />
  <indexitem target="autohelpMapDocument" text="MapDocument " />
  <indexitem target="OutputDOM" text="OutputDOM" />
  <indexitem target="autohelpOutputDOM" text="OutputDOM " />
  <indexitem target="TOCDocument" text="TOCDocument" />
  <indexitem target="autohelpTOCDocument" text="TOCDocument " />
  <indexitem target="allclasses-frame" text="allclasses-frame" />
  <indexitem target="deprecated-list" text="deprecated-list" />
  <indexitem target="help-doc" text="help-doc" />
  <indexitem target="index-all" text="index-all" />
  <indexitem target="index" text="javadoc" />
  <indexitem target="overview-tree" text="overview-tree" />
  <indexitem target="package-frame" text="package-frame" />
  <indexitem target="package-summary" text="package-summary" />
  <indexitem target="package-tree" text="package-tree" />
  <indexitem target="packages" text="packages" />
  <indexitem target="readme" text="readme" />
  <indexitem target="serialized-form" text="serialized-form" />
</index>

