<?xml version="1.0" encoding="UTF-8"?>

<toc version="1.0">
  <tocitem text="com">
    <tocitem text="isacat">
      <tocitem text="autohelp">
        <tocitem text="AutoHelp" target="AutoHelp" />
        <tocitem text="DirHandler" target="DirHandler" />
        <tocitem text="DirWalker" target="DirWalker" />
        <tocitem text="Directory" target="Directory" />
        <tocitem text="HelpDocument" target="HelpDocument" />
        <tocitem text="HelpHandler" target="HelpHandler" />
        <tocitem text="HelpSet" target="HelpSet" />
        <tocitem text="IndexDocument" target="IndexDocument" />
        <tocitem text="MapDocument" target="MapDocument" />
        <tocitem text="OutputDOM" target="OutputDOM" />
        <tocitem text="TOCDocument" target="TOCDocument" />
      </tocitem>
    </tocitem>
  </tocitem>
  <tocitem text="javadoc">
    <tocitem text="com">
      <tocitem text="isacat">
        <tocitem text="autohelp">
          <tocitem text="AutoHelp" target="autohelpAutoHelp" />
          <tocitem text="DirHandler" target="autohelpDirHandler" />
          <tocitem text="DirWalker" target="autohelpDirWalker" />
          <tocitem text="Directory" target="autohelpDirectory" />
          <tocitem text="ElementPair" target="ElementPair" />
          <tocitem text="HelpDocument" target="autohelpHelpDocument" />
          <tocitem text="HelpHandler" target="autohelpHelpHandler" />
          <tocitem text="HelpSet" target="autohelpHelpSet" />
          <tocitem text="IndexDocument" target="autohelpIndexDocument" />
          <tocitem text="MapDocument" target="autohelpMapDocument" />
          <tocitem text="OutputDOM" target="autohelpOutputDOM" />
          <tocitem text="TOCDocument" target="autohelpTOCDocument" />
          <tocitem text="package-frame" target="package-frame" />
          <tocitem text="package-summary" target="package-summary" />
          <tocitem text="package-tree" target="package-tree" />
        </tocitem>
      </tocitem>
    </tocitem>
    <tocitem text="allclasses-frame" target="allclasses-frame" />
    <tocitem text="deprecated-list" target="deprecated-list" />
    <tocitem text="help-doc" target="help-doc" />
    <tocitem text="index-all" target="index-all" />
    <tocitem text="javadoc" target="index" />
    <tocitem text="overview-tree" target="overview-tree" />
    <tocitem text="packages" target="packages" />
    <tocitem text="serialized-form" target="serialized-form" />
  </tocitem>
  <tocitem text="readme" target="readme" />
</toc>

