<?xml version="1.0" encoding="UTF-8"?>

<filesystem>
  <directory name="empty" />
  <directory name="source">
    <file name="HelloWorld.java" />
    <file name="Rocket.java" />
    <file name="index.htm" />
  </directory>
  <directory name="webstuff">
    <directory name="java">
      <file name="Example.java" />
      <file name="java.htm" />
    </directory>
    <file name="home.htm" />
    <file name="index.htm" />
  </directory>
  <file name="readme.txt" />
</filesystem>

